{
    "Cascavel": [-24.957777, -53.459722],
    "Toledo": [-24.716944, -53.741389],
    "Foz_do_iguacu": [-25.516667, -54.616667],
    "Francisco_beltrao": [-26.080278, -53.053889],
    "Sao_mateus_do_sul": [-25.869722, -50.384722],
    "Paranagua": [-25.514722, -48.522778],
    "Guarapuava": [-25.390833, -51.462778],
    "Londrina": [-23.310278, -51.162778],
    "Ponta_grossa": [-25.095, -50.161389],
    "Maringa": [-23.425278, -51.938056],
    "Umuarama": [-23.764167, -53.326111],
    "Curitiba": [-25.428333, -49.273056],
    "A": [1,1],
    "B": [2,2]
}